Speed_Sub,P_k,Lam_T,Lam_M,Speed_Target,Seed
20,0.09,9,35,23,19
20,0.09,9,35,23,6
20,0.09,9,35,23,18
20,0.09,9,35,23,6
20,0.09,9,35,23,22
20,0.09,9,35,23,7
20,0.09,9,35,23,20
20,0.09,9,35,23,8
20,0.09,9,35,23,10
20,0.09,9,35,23,16
20,0.09,9,35,23,3
20,0.09,9,35,23,29
20,0.09,9,35,23,5
20,0.09,9,35,23,17
20,0.09,9,35,23,1
20,0.09,9,35,23,27
20,0.09,9,35,23,16
20,0.09,9,35,23,12
20,0.09,9,35,23,25
20,0.09,9,35,23,13
20,0.09,9,35,23,25
20,0.09,9,35,23,9
20,0.09,9,35,23,24
20,0.09,9,35,23,11
20,0.09,9,35,23,23
20,0.09,9,35,23,21
20,0.09,9,35,23,15
20,0.09,9,35,23,28
20,0.09,9,35,23,2
20,0.09,9,35,23,26
20,0.09,9,35,23,14
20,0.09,9,35,23,30
20,0.09,9,35,23,4
18,1,3,68,17,19
18,1,3,68,17,6
18,1,3,68,17,18
18,1,3,68,17,6
18,1,3,68,17,22
18,1,3,68,17,7
18,1,3,68,17,20
18,1,3,68,17,8
18,1,3,68,17,10
18,1,3,68,17,16
18,1,3,68,17,3
18,1,3,68,17,29
18,1,3,68,17,5
18,1,3,68,17,17
18,1,3,68,17,1
18,1,3,68,17,27
18,1,3,68,17,16
18,1,3,68,17,12
18,1,3,68,17,25
18,1,3,68,17,13
18,1,3,68,17,25
18,1,3,68,17,9
18,1,3,68,17,24
18,1,3,68,17,11
18,1,3,68,17,23
18,1,3,68,17,21
18,1,3,68,17,15
18,1,3,68,17,28
18,1,3,68,17,2
18,1,3,68,17,26
18,1,3,68,17,14
18,1,3,68,17,30
18,1,3,68,17,4
18,0.44,18,29,10,19
18,0.44,18,29,10,6
18,0.44,18,29,10,18
18,0.44,18,29,10,6
18,0.44,18,29,10,22
18,0.44,18,29,10,7
18,0.44,18,29,10,20
18,0.44,18,29,10,8
18,0.44,18,29,10,10
18,0.44,18,29,10,16
18,0.44,18,29,10,3
18,0.44,18,29,10,29
18,0.44,18,29,10,5
18,0.44,18,29,10,17
18,0.44,18,29,10,1
18,0.44,18,29,10,27
18,0.44,18,29,10,16
18,0.44,18,29,10,12
18,0.44,18,29,10,25
18,0.44,18,29,10,13
18,0.44,18,29,10,25
18,0.44,18,29,10,9
18,0.44,18,29,10,24
18,0.44,18,29,10,11
18,0.44,18,29,10,23
18,0.44,18,29,10,21
18,0.44,18,29,10,15
18,0.44,18,29,10,28
18,0.44,18,29,10,2
18,0.44,18,29,10,26
18,0.44,18,29,10,14
18,0.44,18,29,10,30
18,0.44,18,29,10,4
13,0.88,20,74,24,19
13,0.88,20,74,24,6
13,0.88,20,74,24,18
13,0.88,20,74,24,6
13,0.88,20,74,24,22
13,0.88,20,74,24,7
13,0.88,20,74,24,20
13,0.88,20,74,24,8
13,0.88,20,74,24,10
13,0.88,20,74,24,16
13,0.88,20,74,24,3
13,0.88,20,74,24,29
13,0.88,20,74,24,5
13,0.88,20,74,24,17
13,0.88,20,74,24,1
13,0.88,20,74,24,27
13,0.88,20,74,24,16
13,0.88,20,74,24,12
13,0.88,20,74,24,25
13,0.88,20,74,24,13
13,0.88,20,74,24,25
13,0.88,20,74,24,9
13,0.88,20,74,24,24
13,0.88,20,74,24,11
13,0.88,20,74,24,23
13,0.88,20,74,24,21
13,0.88,20,74,24,15
13,0.88,20,74,24,28
13,0.88,20,74,24,2
13,0.88,20,74,24,26
13,0.88,20,74,24,14
13,0.88,20,74,24,30
13,0.88,20,74,24,4
19,0.03,10,40,20,19
19,0.03,10,40,20,6
19,0.03,10,40,20,18
19,0.03,10,40,20,6
19,0.03,10,40,20,22
19,0.03,10,40,20,7
19,0.03,10,40,20,20
19,0.03,10,40,20,8
19,0.03,10,40,20,10
19,0.03,10,40,20,16
19,0.03,10,40,20,3
19,0.03,10,40,20,29
19,0.03,10,40,20,5
19,0.03,10,40,20,17
19,0.03,10,40,20,1
19,0.03,10,40,20,27
19,0.03,10,40,20,16
19,0.03,10,40,20,12
19,0.03,10,40,20,25
19,0.03,10,40,20,13
19,0.03,10,40,20,25
19,0.03,10,40,20,9
19,0.03,10,40,20,24
19,0.03,10,40,20,11
19,0.03,10,40,20,23
19,0.03,10,40,20,21
19,0.03,10,40,20,15
19,0.03,10,40,20,28
19,0.03,10,40,20,2
19,0.03,10,40,20,26
19,0.03,10,40,20,14
19,0.03,10,40,20,30
19,0.03,10,40,20,4
19,0.94,7,51,17,19
19,0.94,7,51,17,6
19,0.94,7,51,17,18
19,0.94,7,51,17,6
19,0.94,7,51,17,22
19,0.94,7,51,17,7
19,0.94,7,51,17,20
19,0.94,7,51,17,8
19,0.94,7,51,17,10
19,0.94,7,51,17,16
19,0.94,7,51,17,3
19,0.94,7,51,17,29
19,0.94,7,51,17,5
19,0.94,7,51,17,17
19,0.94,7,51,17,1
19,0.94,7,51,17,27
19,0.94,7,51,17,16
19,0.94,7,51,17,12
19,0.94,7,51,17,25
19,0.94,7,51,17,13
19,0.94,7,51,17,25
19,0.94,7,51,17,9
19,0.94,7,51,17,24
19,0.94,7,51,17,11
19,0.94,7,51,17,23
19,0.94,7,51,17,21
19,0.94,7,51,17,15
19,0.94,7,51,17,28
19,0.94,7,51,17,2
19,0.94,7,51,17,26
19,0.94,7,51,17,14
19,0.94,7,51,17,30
19,0.94,7,51,17,4
15,0.47,19,46,10,19
15,0.47,19,46,10,6
15,0.47,19,46,10,18
15,0.47,19,46,10,6
15,0.47,19,46,10,22
15,0.47,19,46,10,7
15,0.47,19,46,10,20
15,0.47,19,46,10,8
15,0.47,19,46,10,10
15,0.47,19,46,10,16
15,0.47,19,46,10,3
15,0.47,19,46,10,29
15,0.47,19,46,10,5
15,0.47,19,46,10,17
15,0.47,19,46,10,1
15,0.47,19,46,10,27
15,0.47,19,46,10,16
15,0.47,19,46,10,12
15,0.47,19,46,10,25
15,0.47,19,46,10,13
15,0.47,19,46,10,25
15,0.47,19,46,10,9
15,0.47,19,46,10,24
15,0.47,19,46,10,11
15,0.47,19,46,10,23
15,0.47,19,46,10,21
15,0.47,19,46,10,15
15,0.47,19,46,10,28
15,0.47,19,46,10,2
15,0.47,19,46,10,26
15,0.47,19,46,10,14
15,0.47,19,46,10,30
15,0.47,19,46,10,4
12,0.69,19,63,24,19
12,0.69,19,63,24,6
12,0.69,19,63,24,18
12,0.69,19,63,24,6
12,0.69,19,63,24,22
12,0.69,19,63,24,7
12,0.69,19,63,24,20
12,0.69,19,63,24,8
12,0.69,19,63,24,10
12,0.69,19,63,24,16
12,0.69,19,63,24,3
12,0.69,19,63,24,29
12,0.69,19,63,24,5
12,0.69,19,63,24,17
12,0.69,19,63,24,1
12,0.69,19,63,24,27
12,0.69,19,63,24,16
12,0.69,19,63,24,12
12,0.69,19,63,24,25
12,0.69,19,63,24,13
12,0.69,19,63,24,25
12,0.69,19,63,24,9
12,0.69,19,63,24,24
12,0.69,19,63,24,11
12,0.69,19,63,24,23
12,0.69,19,63,24,21
12,0.69,19,63,24,15
12,0.69,19,63,24,28
12,0.69,19,63,24,2
12,0.69,19,63,24,26
12,0.69,19,63,24,14
12,0.69,19,63,24,30
12,0.69,19,63,24,4
14,0.25,5,96,21,19
14,0.25,5,96,21,6
14,0.25,5,96,21,18
14,0.25,5,96,21,6
14,0.25,5,96,21,22
14,0.25,5,96,21,7
14,0.25,5,96,21,20
14,0.25,5,96,21,8
14,0.25,5,96,21,10
14,0.25,5,96,21,16
14,0.25,5,96,21,3
14,0.25,5,96,21,29
14,0.25,5,96,21,5
14,0.25,5,96,21,17
14,0.25,5,96,21,1
14,0.25,5,96,21,27
14,0.25,5,96,21,16
14,0.25,5,96,21,12
14,0.25,5,96,21,25
14,0.25,5,96,21,13
14,0.25,5,96,21,25
14,0.25,5,96,21,9
14,0.25,5,96,21,24
14,0.25,5,96,21,11
14,0.25,5,96,21,23
14,0.25,5,96,21,21
14,0.25,5,96,21,15
14,0.25,5,96,21,28
14,0.25,5,96,21,2
14,0.25,5,96,21,26
14,0.25,5,96,21,14
14,0.25,5,96,21,30
14,0.25,5,96,21,4
16,0.66,6,124,13,19
16,0.66,6,124,13,6
16,0.66,6,124,13,18
16,0.66,6,124,13,6
16,0.66,6,124,13,22
16,0.66,6,124,13,7
16,0.66,6,124,13,20
16,0.66,6,124,13,8
16,0.66,6,124,13,10
16,0.66,6,124,13,16
16,0.66,6,124,13,3
16,0.66,6,124,13,29
16,0.66,6,124,13,5
16,0.66,6,124,13,17
16,0.66,6,124,13,1
16,0.66,6,124,13,27
16,0.66,6,124,13,16
16,0.66,6,124,13,12
16,0.66,6,124,13,25
16,0.66,6,124,13,13
16,0.66,6,124,13,25
16,0.66,6,124,13,9
16,0.66,6,124,13,24
16,0.66,6,124,13,11
16,0.66,6,124,13,23
16,0.66,6,124,13,21
16,0.66,6,124,13,15
16,0.66,6,124,13,28
16,0.66,6,124,13,2
16,0.66,6,124,13,26
16,0.66,6,124,13,14
16,0.66,6,124,13,30
16,0.66,6,124,13,4
15,0.22,15,174,15,19
15,0.22,15,174,15,6
15,0.22,15,174,15,18
15,0.22,15,174,15,6
15,0.22,15,174,15,22
15,0.22,15,174,15,7
15,0.22,15,174,15,20
15,0.22,15,174,15,8
15,0.22,15,174,15,10
15,0.22,15,174,15,16
15,0.22,15,174,15,3
15,0.22,15,174,15,29
15,0.22,15,174,15,5
15,0.22,15,174,15,17
15,0.22,15,174,15,1
15,0.22,15,174,15,27
15,0.22,15,174,15,16
15,0.22,15,174,15,12
15,0.22,15,174,15,25
15,0.22,15,174,15,13
15,0.22,15,174,15,25
15,0.22,15,174,15,9
15,0.22,15,174,15,24
15,0.22,15,174,15,11
15,0.22,15,174,15,23
15,0.22,15,174,15,21
15,0.22,15,174,15,15
15,0.22,15,174,15,28
15,0.22,15,174,15,2
15,0.22,15,174,15,26
15,0.22,15,174,15,14
15,0.22,15,174,15,30
15,0.22,15,174,15,4
16,0.72,13,169,21,19
16,0.72,13,169,21,6
16,0.72,13,169,21,18
16,0.72,13,169,21,6
16,0.72,13,169,21,22
16,0.72,13,169,21,7
16,0.72,13,169,21,20
16,0.72,13,169,21,8
16,0.72,13,169,21,10
16,0.72,13,169,21,16
16,0.72,13,169,21,3
16,0.72,13,169,21,29
16,0.72,13,169,21,5
16,0.72,13,169,21,17
16,0.72,13,169,21,1
16,0.72,13,169,21,27
16,0.72,13,169,21,16
16,0.72,13,169,21,12
16,0.72,13,169,21,25
16,0.72,13,169,21,13
16,0.72,13,169,21,25
16,0.72,13,169,21,9
16,0.72,13,169,21,24
16,0.72,13,169,21,11
16,0.72,13,169,21,23
16,0.72,13,169,21,21
16,0.72,13,169,21,15
16,0.72,13,169,21,28
16,0.72,13,169,21,2
16,0.72,13,169,21,26
16,0.72,13,169,21,14
16,0.72,13,169,21,30
16,0.72,13,169,21,4
13,0.16,5,102,19,19
13,0.16,5,102,19,6
13,0.16,5,102,19,18
13,0.16,5,102,19,6
13,0.16,5,102,19,22
13,0.16,5,102,19,7
13,0.16,5,102,19,20
13,0.16,5,102,19,8
13,0.16,5,102,19,10
13,0.16,5,102,19,16
13,0.16,5,102,19,3
13,0.16,5,102,19,29
13,0.16,5,102,19,5
13,0.16,5,102,19,17
13,0.16,5,102,19,1
13,0.16,5,102,19,27
13,0.16,5,102,19,16
13,0.16,5,102,19,12
13,0.16,5,102,19,25
13,0.16,5,102,19,13
13,0.16,5,102,19,25
13,0.16,5,102,19,9
13,0.16,5,102,19,24
13,0.16,5,102,19,11
13,0.16,5,102,19,23
13,0.16,5,102,19,21
13,0.16,5,102,19,15
13,0.16,5,102,19,28
13,0.16,5,102,19,2
13,0.16,5,102,19,26
13,0.16,5,102,19,14
13,0.16,5,102,19,30
13,0.16,5,102,19,4
17,0.59,8,158,12,19
17,0.59,8,158,12,6
17,0.59,8,158,12,18
17,0.59,8,158,12,6
17,0.59,8,158,12,22
17,0.59,8,158,12,7
17,0.59,8,158,12,20
17,0.59,8,158,12,8
17,0.59,8,158,12,10
17,0.59,8,158,12,16
17,0.59,8,158,12,3
17,0.59,8,158,12,29
17,0.59,8,158,12,5
17,0.59,8,158,12,17
17,0.59,8,158,12,1
17,0.59,8,158,12,27
17,0.59,8,158,12,16
17,0.59,8,158,12,12
17,0.59,8,158,12,25
17,0.59,8,158,12,13
17,0.59,8,158,12,25
17,0.59,8,158,12,9
17,0.59,8,158,12,24
17,0.59,8,158,12,11
17,0.59,8,158,12,23
17,0.59,8,158,12,21
17,0.59,8,158,12,15
17,0.59,8,158,12,28
17,0.59,8,158,12,2
17,0.59,8,158,12,26
17,0.59,8,158,12,14
17,0.59,8,158,12,30
17,0.59,8,158,12,4
14,0.19,17,163,16,19
14,0.19,17,163,16,6
14,0.19,17,163,16,18
14,0.19,17,163,16,6
14,0.19,17,163,16,22
14,0.19,17,163,16,7
14,0.19,17,163,16,20
14,0.19,17,163,16,8
14,0.19,17,163,16,10
14,0.19,17,163,16,16
14,0.19,17,163,16,3
14,0.19,17,163,16,29
14,0.19,17,163,16,5
14,0.19,17,163,16,17
14,0.19,17,163,16,1
14,0.19,17,163,16,27
14,0.19,17,163,16,16
14,0.19,17,163,16,12
14,0.19,17,163,16,25
14,0.19,17,163,16,13
14,0.19,17,163,16,25
14,0.19,17,163,16,9
14,0.19,17,163,16,24
14,0.19,17,163,16,11
14,0.19,17,163,16,23
14,0.19,17,163,16,21
14,0.19,17,163,16,15
14,0.19,17,163,16,28
14,0.19,17,163,16,2
14,0.19,17,163,16,26
14,0.19,17,163,16,14
14,0.19,17,163,16,30
14,0.19,17,163,16,4
17,0.63,12,180,22,19
17,0.63,12,180,22,6
17,0.63,12,180,22,18
17,0.63,12,180,22,6
17,0.63,12,180,22,22
17,0.63,12,180,22,7
17,0.63,12,180,22,20
17,0.63,12,180,22,8
17,0.63,12,180,22,10
17,0.63,12,180,22,16
17,0.63,12,180,22,3
17,0.63,12,180,22,29
17,0.63,12,180,22,5
17,0.63,12,180,22,17
17,0.63,12,180,22,1
17,0.63,12,180,22,27
17,0.63,12,180,22,16
17,0.63,12,180,22,12
17,0.63,12,180,22,25
17,0.63,12,180,22,13
17,0.63,12,180,22,25
17,0.63,12,180,22,9
17,0.63,12,180,22,24
17,0.63,12,180,22,11
17,0.63,12,180,22,23
17,0.63,12,180,22,21
17,0.63,12,180,22,15
17,0.63,12,180,22,28
17,0.63,12,180,22,2
17,0.63,12,180,22,26
17,0.63,12,180,22,14
17,0.63,12,180,22,30
17,0.63,12,180,22,4
12,0.5,11,91,18,19
12,0.5,11,91,18,6
12,0.5,11,91,18,18
12,0.5,11,91,18,6
12,0.5,11,91,18,22
12,0.5,11,91,18,7
12,0.5,11,91,18,20
12,0.5,11,91,18,8
12,0.5,11,91,18,10
12,0.5,11,91,18,16
12,0.5,11,91,18,3
12,0.5,11,91,18,29
12,0.5,11,91,18,5
12,0.5,11,91,18,17
12,0.5,11,91,18,1
12,0.5,11,91,18,27
12,0.5,11,91,18,16
12,0.5,11,91,18,12
12,0.5,11,91,18,25
12,0.5,11,91,18,13
12,0.5,11,91,18,25
12,0.5,11,91,18,9
12,0.5,11,91,18,24
12,0.5,11,91,18,11
12,0.5,11,91,18,23
12,0.5,11,91,18,21
12,0.5,11,91,18,15
12,0.5,11,91,18,28
12,0.5,11,91,18,2
12,0.5,11,91,18,26
12,0.5,11,91,18,14
12,0.5,11,91,18,30
12,0.5,11,91,18,4
3,0.91,12,146,12,19
3,0.91,12,146,12,6
3,0.91,12,146,12,18
3,0.91,12,146,12,6
3,0.91,12,146,12,22
3,0.91,12,146,12,7
3,0.91,12,146,12,20
3,0.91,12,146,12,8
3,0.91,12,146,12,10
3,0.91,12,146,12,16
3,0.91,12,146,12,3
3,0.91,12,146,12,29
3,0.91,12,146,12,5
3,0.91,12,146,12,17
3,0.91,12,146,12,1
3,0.91,12,146,12,27
3,0.91,12,146,12,16
3,0.91,12,146,12,12
3,0.91,12,146,12,25
3,0.91,12,146,12,13
3,0.91,12,146,12,25
3,0.91,12,146,12,9
3,0.91,12,146,12,24
3,0.91,12,146,12,11
3,0.91,12,146,12,23
3,0.91,12,146,12,21
3,0.91,12,146,12,15
3,0.91,12,146,12,28
3,0.91,12,146,12,2
3,0.91,12,146,12,26
3,0.91,12,146,12,14
3,0.91,12,146,12,30
3,0.91,12,146,12,4
5,0,18,113,18,19
5,0,18,113,18,6
5,0,18,113,18,18
5,0,18,113,18,6
5,0,18,113,18,22
5,0,18,113,18,7
5,0,18,113,18,20
5,0,18,113,18,8
5,0,18,113,18,10
5,0,18,113,18,16
5,0,18,113,18,3
5,0,18,113,18,29
5,0,18,113,18,5
5,0,18,113,18,17
5,0,18,113,18,1
5,0,18,113,18,27
5,0,18,113,18,16
5,0,18,113,18,12
5,0,18,113,18,25
5,0,18,113,18,13
5,0,18,113,18,25
5,0,18,113,18,9
5,0,18,113,18,24
5,0,18,113,18,11
5,0,18,113,18,23
5,0,18,113,18,21
5,0,18,113,18,15
5,0,18,113,18,28
5,0,18,113,18,2
5,0,18,113,18,26
5,0,18,113,18,14
5,0,18,113,18,30
5,0,18,113,18,4
5,0.56,3,152,25,19
5,0.56,3,152,25,6
5,0.56,3,152,25,18
5,0.56,3,152,25,6
5,0.56,3,152,25,22
5,0.56,3,152,25,7
5,0.56,3,152,25,20
5,0.56,3,152,25,8
5,0.56,3,152,25,10
5,0.56,3,152,25,16
5,0.56,3,152,25,3
5,0.56,3,152,25,29
5,0.56,3,152,25,5
5,0.56,3,152,25,17
5,0.56,3,152,25,1
5,0.56,3,152,25,27
5,0.56,3,152,25,16
5,0.56,3,152,25,12
5,0.56,3,152,25,25
5,0.56,3,152,25,13
5,0.56,3,152,25,25
5,0.56,3,152,25,9
5,0.56,3,152,25,24
5,0.56,3,152,25,11
5,0.56,3,152,25,23
5,0.56,3,152,25,21
5,0.56,3,152,25,15
5,0.56,3,152,25,28
5,0.56,3,152,25,2
5,0.56,3,152,25,26
5,0.56,3,152,25,14
5,0.56,3,152,25,30
5,0.56,3,152,25,4
10,0.13,1,107,11,19
10,0.13,1,107,11,6
10,0.13,1,107,11,18
10,0.13,1,107,11,6
10,0.13,1,107,11,22
10,0.13,1,107,11,7
10,0.13,1,107,11,20
10,0.13,1,107,11,8
10,0.13,1,107,11,10
10,0.13,1,107,11,16
10,0.13,1,107,11,3
10,0.13,1,107,11,29
10,0.13,1,107,11,5
10,0.13,1,107,11,17
10,0.13,1,107,11,1
10,0.13,1,107,11,27
10,0.13,1,107,11,16
10,0.13,1,107,11,12
10,0.13,1,107,11,25
10,0.13,1,107,11,13
10,0.13,1,107,11,25
10,0.13,1,107,11,9
10,0.13,1,107,11,24
10,0.13,1,107,11,11
10,0.13,1,107,11,23
10,0.13,1,107,11,21
10,0.13,1,107,11,15
10,0.13,1,107,11,28
10,0.13,1,107,11,2
10,0.13,1,107,11,26
10,0.13,1,107,11,14
10,0.13,1,107,11,30
10,0.13,1,107,11,4
4,0.97,11,141,15,19
4,0.97,11,141,15,6
4,0.97,11,141,15,18
4,0.97,11,141,15,6
4,0.97,11,141,15,22
4,0.97,11,141,15,7
4,0.97,11,141,15,20
4,0.97,11,141,15,8
4,0.97,11,141,15,10
4,0.97,11,141,15,16
4,0.97,11,141,15,3
4,0.97,11,141,15,29
4,0.97,11,141,15,5
4,0.97,11,141,15,17
4,0.97,11,141,15,1
4,0.97,11,141,15,27
4,0.97,11,141,15,16
4,0.97,11,141,15,12
4,0.97,11,141,15,25
4,0.97,11,141,15,13
4,0.97,11,141,15,25
4,0.97,11,141,15,9
4,0.97,11,141,15,24
4,0.97,11,141,15,11
4,0.97,11,141,15,23
4,0.97,11,141,15,21
4,0.97,11,141,15,15
4,0.97,11,141,15,28
4,0.97,11,141,15,2
4,0.97,11,141,15,26
4,0.97,11,141,15,14
4,0.97,11,141,15,30
4,0.97,11,141,15,4
4,0.06,14,130,18,19
4,0.06,14,130,18,6
4,0.06,14,130,18,18
4,0.06,14,130,18,6
4,0.06,14,130,18,22
4,0.06,14,130,18,7
4,0.06,14,130,18,20
4,0.06,14,130,18,8
4,0.06,14,130,18,10
4,0.06,14,130,18,16
4,0.06,14,130,18,3
4,0.06,14,130,18,29
4,0.06,14,130,18,5
4,0.06,14,130,18,17
4,0.06,14,130,18,1
4,0.06,14,130,18,27
4,0.06,14,130,18,16
4,0.06,14,130,18,12
4,0.06,14,130,18,25
4,0.06,14,130,18,13
4,0.06,14,130,18,25
4,0.06,14,130,18,9
4,0.06,14,130,18,24
4,0.06,14,130,18,11
4,0.06,14,130,18,23
4,0.06,14,130,18,21
4,0.06,14,130,18,15
4,0.06,14,130,18,28
4,0.06,14,130,18,2
4,0.06,14,130,18,26
4,0.06,14,130,18,14
4,0.06,14,130,18,30
4,0.06,14,130,18,4
8,0.53,2,135,25,19
8,0.53,2,135,25,6
8,0.53,2,135,25,18
8,0.53,2,135,25,6
8,0.53,2,135,25,22
8,0.53,2,135,25,7
8,0.53,2,135,25,20
8,0.53,2,135,25,8
8,0.53,2,135,25,10
8,0.53,2,135,25,16
8,0.53,2,135,25,3
8,0.53,2,135,25,29
8,0.53,2,135,25,5
8,0.53,2,135,25,17
8,0.53,2,135,25,1
8,0.53,2,135,25,27
8,0.53,2,135,25,16
8,0.53,2,135,25,12
8,0.53,2,135,25,25
8,0.53,2,135,25,13
8,0.53,2,135,25,25
8,0.53,2,135,25,9
8,0.53,2,135,25,24
8,0.53,2,135,25,11
8,0.53,2,135,25,23
8,0.53,2,135,25,21
8,0.53,2,135,25,15
8,0.53,2,135,25,28
8,0.53,2,135,25,2
8,0.53,2,135,25,26
8,0.53,2,135,25,14
8,0.53,2,135,25,30
8,0.53,2,135,25,4
11,0.31,2,118,11,19
11,0.31,2,118,11,6
11,0.31,2,118,11,18
11,0.31,2,118,11,6
11,0.31,2,118,11,22
11,0.31,2,118,11,7
11,0.31,2,118,11,20
11,0.31,2,118,11,8
11,0.31,2,118,11,10
11,0.31,2,118,11,16
11,0.31,2,118,11,3
11,0.31,2,118,11,29
11,0.31,2,118,11,5
11,0.31,2,118,11,17
11,0.31,2,118,11,1
11,0.31,2,118,11,27
11,0.31,2,118,11,16
11,0.31,2,118,11,12
11,0.31,2,118,11,25
11,0.31,2,118,11,13
11,0.31,2,118,11,25
11,0.31,2,118,11,9
11,0.31,2,118,11,24
11,0.31,2,118,11,11
11,0.31,2,118,11,23
11,0.31,2,118,11,21
11,0.31,2,118,11,15
11,0.31,2,118,11,28
11,0.31,2,118,11,2
11,0.31,2,118,11,26
11,0.31,2,118,11,14
11,0.31,2,118,11,30
11,0.31,2,118,11,4
9,0.75,16,85,14,19
9,0.75,16,85,14,6
9,0.75,16,85,14,18
9,0.75,16,85,14,6
9,0.75,16,85,14,22
9,0.75,16,85,14,7
9,0.75,16,85,14,20
9,0.75,16,85,14,8
9,0.75,16,85,14,10
9,0.75,16,85,14,16
9,0.75,16,85,14,3
9,0.75,16,85,14,29
9,0.75,16,85,14,5
9,0.75,16,85,14,17
9,0.75,16,85,14,1
9,0.75,16,85,14,27
9,0.75,16,85,14,16
9,0.75,16,85,14,12
9,0.75,16,85,14,25
9,0.75,16,85,14,13
9,0.75,16,85,14,25
9,0.75,16,85,14,9
9,0.75,16,85,14,24
9,0.75,16,85,14,11
9,0.75,16,85,14,23
9,0.75,16,85,14,21
9,0.75,16,85,14,15
9,0.75,16,85,14,28
9,0.75,16,85,14,2
9,0.75,16,85,14,26
9,0.75,16,85,14,14
9,0.75,16,85,14,30
9,0.75,16,85,14,4
7,0.34,15,57,22,19
7,0.34,15,57,22,6
7,0.34,15,57,22,18
7,0.34,15,57,22,6
7,0.34,15,57,22,22
7,0.34,15,57,22,7
7,0.34,15,57,22,20
7,0.34,15,57,22,8
7,0.34,15,57,22,10
7,0.34,15,57,22,16
7,0.34,15,57,22,3
7,0.34,15,57,22,29
7,0.34,15,57,22,5
7,0.34,15,57,22,17
7,0.34,15,57,22,1
7,0.34,15,57,22,27
7,0.34,15,57,22,16
7,0.34,15,57,22,12
7,0.34,15,57,22,25
7,0.34,15,57,22,13
7,0.34,15,57,22,25
7,0.34,15,57,22,9
7,0.34,15,57,22,24
7,0.34,15,57,22,11
7,0.34,15,57,22,23
7,0.34,15,57,22,21
7,0.34,15,57,22,15
7,0.34,15,57,22,28
7,0.34,15,57,22,2
7,0.34,15,57,22,26
7,0.34,15,57,22,14
7,0.34,15,57,22,30
7,0.34,15,57,22,4
8,0.78,6,7,20,19
8,0.78,6,7,20,6
8,0.78,6,7,20,18
8,0.78,6,7,20,6
8,0.78,6,7,20,22
8,0.78,6,7,20,7
8,0.78,6,7,20,20
8,0.78,6,7,20,8
8,0.78,6,7,20,10
8,0.78,6,7,20,16
8,0.78,6,7,20,3
8,0.78,6,7,20,29
8,0.78,6,7,20,5
8,0.78,6,7,20,17
8,0.78,6,7,20,1
8,0.78,6,7,20,27
8,0.78,6,7,20,16
8,0.78,6,7,20,12
8,0.78,6,7,20,25
8,0.78,6,7,20,13
8,0.78,6,7,20,25
8,0.78,6,7,20,9
8,0.78,6,7,20,24
8,0.78,6,7,20,11
8,0.78,6,7,20,23
8,0.78,6,7,20,21
8,0.78,6,7,20,15
8,0.78,6,7,20,28
8,0.78,6,7,20,2
8,0.78,6,7,20,26
8,0.78,6,7,20,14
8,0.78,6,7,20,30
8,0.78,6,7,20,4
7,0.28,8,12,14,19
7,0.28,8,12,14,6
7,0.28,8,12,14,18
7,0.28,8,12,14,6
7,0.28,8,12,14,22
7,0.28,8,12,14,7
7,0.28,8,12,14,20
7,0.28,8,12,14,8
7,0.28,8,12,14,10
7,0.28,8,12,14,16
7,0.28,8,12,14,3
7,0.28,8,12,14,29
7,0.28,8,12,14,5
7,0.28,8,12,14,17
7,0.28,8,12,14,1
7,0.28,8,12,14,27
7,0.28,8,12,14,16
7,0.28,8,12,14,12
7,0.28,8,12,14,25
7,0.28,8,12,14,13
7,0.28,8,12,14,25
7,0.28,8,12,14,9
7,0.28,8,12,14,24
7,0.28,8,12,14,11
7,0.28,8,12,14,23
7,0.28,8,12,14,21
7,0.28,8,12,14,15
7,0.28,8,12,14,28
7,0.28,8,12,14,2
7,0.28,8,12,14,26
7,0.28,8,12,14,14
7,0.28,8,12,14,30
7,0.28,8,12,14,4
10,0.84,16,79,16,19
10,0.84,16,79,16,6
10,0.84,16,79,16,18
10,0.84,16,79,16,6
10,0.84,16,79,16,22
10,0.84,16,79,16,7
10,0.84,16,79,16,20
10,0.84,16,79,16,8
10,0.84,16,79,16,10
10,0.84,16,79,16,16
10,0.84,16,79,16,3
10,0.84,16,79,16,29
10,0.84,16,79,16,5
10,0.84,16,79,16,17
10,0.84,16,79,16,1
10,0.84,16,79,16,27
10,0.84,16,79,16,16
10,0.84,16,79,16,12
10,0.84,16,79,16,25
10,0.84,16,79,16,13
10,0.84,16,79,16,25
10,0.84,16,79,16,9
10,0.84,16,79,16,24
10,0.84,16,79,16,11
10,0.84,16,79,16,23
10,0.84,16,79,16,21
10,0.84,16,79,16,15
10,0.84,16,79,16,28
10,0.84,16,79,16,2
10,0.84,16,79,16,26
10,0.84,16,79,16,14
10,0.84,16,79,16,30
10,0.84,16,79,16,4
6,0.41,13,23,23,19
6,0.41,13,23,23,6
6,0.41,13,23,23,18
6,0.41,13,23,23,6
6,0.41,13,23,23,22
6,0.41,13,23,23,7
6,0.41,13,23,23,20
6,0.41,13,23,23,8
6,0.41,13,23,23,10
6,0.41,13,23,23,16
6,0.41,13,23,23,3
6,0.41,13,23,23,29
6,0.41,13,23,23,5
6,0.41,13,23,23,17
6,0.41,13,23,23,1
6,0.41,13,23,23,27
6,0.41,13,23,23,16
6,0.41,13,23,23,12
6,0.41,13,23,23,25
6,0.41,13,23,23,13
6,0.41,13,23,23,25
6,0.41,13,23,23,9
6,0.41,13,23,23,24
6,0.41,13,23,23,11
6,0.41,13,23,23,23
6,0.41,13,23,23,21
6,0.41,13,23,23,15
6,0.41,13,23,23,28
6,0.41,13,23,23,2
6,0.41,13,23,23,26
6,0.41,13,23,23,14
6,0.41,13,23,23,30
6,0.41,13,23,23,4
9,0.81,4,18,19,19
9,0.81,4,18,19,6
9,0.81,4,18,19,18
9,0.81,4,18,19,6
9,0.81,4,18,19,22
9,0.81,4,18,19,7
9,0.81,4,18,19,20
9,0.81,4,18,19,8
9,0.81,4,18,19,10
9,0.81,4,18,19,16
9,0.81,4,18,19,3
9,0.81,4,18,19,29
9,0.81,4,18,19,5
9,0.81,4,18,19,17
9,0.81,4,18,19,1
9,0.81,4,18,19,27
9,0.81,4,18,19,16
9,0.81,4,18,19,12
9,0.81,4,18,19,25
9,0.81,4,18,19,13
9,0.81,4,18,19,25
9,0.81,4,18,19,9
9,0.81,4,18,19,24
9,0.81,4,18,19,11
9,0.81,4,18,19,23
9,0.81,4,18,19,21
9,0.81,4,18,19,15
9,0.81,4,18,19,28
9,0.81,4,18,19,2
9,0.81,4,18,19,26
9,0.81,4,18,19,14
9,0.81,4,18,19,30
9,0.81,4,18,19,4
6,0.38,9,1,13,19
6,0.38,9,1,13,6
6,0.38,9,1,13,18
6,0.38,9,1,13,6
6,0.38,9,1,13,22
6,0.38,9,1,13,7
6,0.38,9,1,13,20
6,0.38,9,1,13,8
6,0.38,9,1,13,10
6,0.38,9,1,13,16
6,0.38,9,1,13,3
6,0.38,9,1,13,29
6,0.38,9,1,13,5
6,0.38,9,1,13,17
6,0.38,9,1,13,1
6,0.38,9,1,13,27
6,0.38,9,1,13,16
6,0.38,9,1,13,12
6,0.38,9,1,13,25
6,0.38,9,1,13,13
6,0.38,9,1,13,25
6,0.38,9,1,13,9
6,0.38,9,1,13,24
6,0.38,9,1,13,11
6,0.38,9,1,13,23
6,0.38,9,1,13,21
6,0.38,9,1,13,15
6,0.38,9,1,13,28
6,0.38,9,1,13,2
6,0.38,9,1,13,26
6,0.38,9,1,13,14
6,0.38,9,1,13,30
6,0.38,9,1,13,4
