1,1,1,10,10,1,20,0.09,9,35,23
2,1,1,10,29,1,20,0.09,9,35,23
3,1,1,10,9,1,20,0.09,9,35,23
4,1,1,10,27,1,20,0.09,9,35,23
5,1,1,10,30,1,20,0.09,9,35,23
6,1,1,10,1,1,20,0.09,9,35,23
7,1,1,10,4,1,20,0.09,9,35,23
8,1,1,10,20,1,20,0.09,9,35,23
9,1,1,10,26,1,20,0.09,9,35,23
10,1,1,10,23,1,20,0.09,9,35,23
11,1,1,10,6,1,20,0.09,9,35,23
12,1,1,10,5,1,20,0.09,9,35,23
13,1,1,10,16,1,20,0.09,9,35,23
14,1,1,10,21,1,20,0.09,9,35,23
15,1,1,10,19,1,20,0.09,9,35,23
16,1,1,10,24,1,20,0.09,9,35,23
17,1,1,10,25,1,20,0.09,9,35,23
18,1,1,10,7,1,20,0.09,9,35,23
19,1,1,10,28,1,20,0.09,9,35,23
20,1,1,10,22,1,20,0.09,9,35,23
21,1,1,10,18,1,20,0.09,9,35,23
22,1,1,10,17,1,20,0.09,9,35,23
23,1,1,10,15,1,20,0.09,9,35,23
24,1,1,10,3,1,20,0.09,9,35,23
25,1,1,10,12,1,20,0.09,9,35,23
26,1,1,10,11,1,20,0.09,9,35,23
27,1,1,10,13,1,20,0.09,9,35,23
28,1,1,10,14,1,20,0.09,9,35,23
29,1,1,10,2,1,20,0.09,9,35,23
30,1,1,10,8,1,20,0.09,9,35,23
31,1,1,10,10,1,18,1,3,68,17
32,1,1,10,29,1,18,1,3,68,17
33,1,1,10,9,1,18,1,3,68,17
34,1,1,10,27,1,18,1,3,68,17
35,1,1,10,30,1,18,1,3,68,17
36,1,1,10,1,1,18,1,3,68,17
37,1,1,10,4,1,18,1,3,68,17
38,1,1,10,20,1,18,1,3,68,17
39,1,1,10,26,1,18,1,3,68,17
40,1,1,10,23,1,18,1,3,68,17
41,1,1,10,6,1,18,1,3,68,17
42,1,1,10,5,1,18,1,3,68,17
43,1,1,10,16,1,18,1,3,68,17
44,1,1,10,21,1,18,1,3,68,17
45,1,1,10,19,1,18,1,3,68,17
46,1,1,10,24,1,18,1,3,68,17
47,1,1,10,25,1,18,1,3,68,17
48,1,1,10,7,1,18,1,3,68,17
49,1,1,10,28,1,18,1,3,68,17
50,1,1,10,22,1,18,1,3,68,17
51,1,1,10,18,1,18,1,3,68,17
52,1,1,10,17,1,18,1,3,68,17
53,1,1,10,15,1,18,1,3,68,17
54,1,1,10,3,1,18,1,3,68,17
55,1,1,10,12,1,18,1,3,68,17
56,1,1,10,11,1,18,1,3,68,17
57,1,1,10,13,1,18,1,3,68,17
58,1,1,10,14,1,18,1,3,68,17
59,1,1,10,2,1,18,1,3,68,17
60,1,1,10,8,1,18,1,3,68,17
61,1,1,10,10,1,18,0.44,18,29,10
62,1,1,10,29,1,18,0.44,18,29,10
63,1,1,10,9,1,18,0.44,18,29,10
64,1,1,10,27,1,18,0.44,18,29,10
65,1,1,10,30,1,18,0.44,18,29,10
66,1,1,10,1,1,18,0.44,18,29,10
67,1,1,10,4,1,18,0.44,18,29,10
68,1,1,10,20,1,18,0.44,18,29,10
69,1,1,10,26,1,18,0.44,18,29,10
70,1,1,10,23,1,18,0.44,18,29,10
71,1,1,10,6,1,18,0.44,18,29,10
72,1,1,10,5,1,18,0.44,18,29,10
73,1,1,10,16,1,18,0.44,18,29,10
74,1,1,10,21,1,18,0.44,18,29,10
75,1,1,10,19,1,18,0.44,18,29,10
76,1,1,10,24,1,18,0.44,18,29,10
77,1,1,10,25,1,18,0.44,18,29,10
78,1,1,10,7,1,18,0.44,18,29,10
79,1,1,10,28,1,18,0.44,18,29,10
80,1,1,10,22,1,18,0.44,18,29,10
81,1,1,10,18,1,18,0.44,18,29,10
82,1,1,10,17,1,18,0.44,18,29,10
83,1,1,10,15,1,18,0.44,18,29,10
84,1,1,10,3,1,18,0.44,18,29,10
85,1,1,10,12,1,18,0.44,18,29,10
86,1,1,10,11,1,18,0.44,18,29,10
87,1,1,10,13,1,18,0.44,18,29,10
88,1,1,10,14,1,18,0.44,18,29,10
89,1,1,10,2,1,18,0.44,18,29,10
90,1,1,10,8,1,18,0.44,18,29,10
91,1,1,10,10,1,13,0.88,20,74,24
92,1,1,10,29,1,13,0.88,20,74,24
93,1,1,10,9,1,13,0.88,20,74,24
94,1,1,10,27,1,13,0.88,20,74,24
95,1,1,10,30,1,13,0.88,20,74,24
96,1,1,10,1,1,13,0.88,20,74,24
97,1,1,10,4,1,13,0.88,20,74,24
98,1,1,10,20,1,13,0.88,20,74,24
99,1,1,10,26,1,13,0.88,20,74,24
100,1,1,10,23,1,13,0.88,20,74,24
101,1,1,10,6,1,13,0.88,20,74,24
102,1,1,10,5,1,13,0.88,20,74,24
103,1,1,10,16,1,13,0.88,20,74,24
104,1,1,10,21,1,13,0.88,20,74,24
105,1,1,10,19,1,13,0.88,20,74,24
106,1,1,10,24,1,13,0.88,20,74,24
107,1,1,10,25,1,13,0.88,20,74,24
108,1,1,10,7,1,13,0.88,20,74,24
109,1,1,10,28,1,13,0.88,20,74,24
110,1,1,10,22,1,13,0.88,20,74,24
111,1,1,10,18,1,13,0.88,20,74,24
112,1,1,10,17,1,13,0.88,20,74,24
113,1,1,10,15,1,13,0.88,20,74,24
114,1,1,10,3,1,13,0.88,20,74,24
115,1,1,10,12,1,13,0.88,20,74,24
116,1,1,10,11,1,13,0.88,20,74,24
117,1,1,10,13,1,13,0.88,20,74,24
118,1,1,10,14,1,13,0.88,20,74,24
119,1,1,10,2,1,13,0.88,20,74,24
120,1,1,10,8,1,13,0.88,20,74,24
121,1,1,10,10,1,19,0.03,10,40,20
122,1,1,10,29,1,19,0.03,10,40,20
123,1,1,10,9,1,19,0.03,10,40,20
124,1,1,10,27,1,19,0.03,10,40,20
125,1,1,10,30,1,19,0.03,10,40,20
126,1,1,10,1,1,19,0.03,10,40,20
127,1,1,10,4,1,19,0.03,10,40,20
128,1,1,10,20,1,19,0.03,10,40,20
129,1,1,10,26,1,19,0.03,10,40,20
130,1,1,10,23,1,19,0.03,10,40,20
131,1,1,10,6,1,19,0.03,10,40,20
132,1,1,10,5,1,19,0.03,10,40,20
133,1,1,10,16,1,19,0.03,10,40,20
134,1,1,10,21,1,19,0.03,10,40,20
135,1,1,10,19,1,19,0.03,10,40,20
136,1,1,10,24,1,19,0.03,10,40,20
137,1,1,10,25,1,19,0.03,10,40,20
138,1,1,10,7,1,19,0.03,10,40,20
139,1,1,10,28,1,19,0.03,10,40,20
140,1,1,10,22,1,19,0.03,10,40,20
141,1,1,10,18,1,19,0.03,10,40,20
142,1,1,10,17,1,19,0.03,10,40,20
143,1,1,10,15,1,19,0.03,10,40,20
144,1,1,10,3,1,19,0.03,10,40,20
145,1,1,10,12,1,19,0.03,10,40,20
146,1,1,10,11,1,19,0.03,10,40,20
147,1,1,10,13,1,19,0.03,10,40,20
148,1,1,10,14,1,19,0.03,10,40,20
149,1,1,10,2,1,19,0.03,10,40,20
150,1,1,10,8,1,19,0.03,10,40,20
151,1,1,10,10,1,19,0.94,7,51,17
152,1,1,10,29,1,19,0.94,7,51,17
153,1,1,10,9,1,19,0.94,7,51,17
154,1,1,10,27,1,19,0.94,7,51,17
155,1,1,10,30,1,19,0.94,7,51,17
156,1,1,10,1,1,19,0.94,7,51,17
157,1,1,10,4,1,19,0.94,7,51,17
158,1,1,10,20,1,19,0.94,7,51,17
159,1,1,10,26,1,19,0.94,7,51,17
160,1,1,10,23,1,19,0.94,7,51,17
161,1,1,10,6,1,19,0.94,7,51,17
162,1,1,10,5,1,19,0.94,7,51,17
163,1,1,10,16,1,19,0.94,7,51,17
164,1,1,10,21,1,19,0.94,7,51,17
165,1,1,10,19,1,19,0.94,7,51,17
166,1,1,10,24,1,19,0.94,7,51,17
167,1,1,10,25,1,19,0.94,7,51,17
168,1,1,10,7,1,19,0.94,7,51,17
169,1,1,10,28,1,19,0.94,7,51,17
170,1,1,10,22,1,19,0.94,7,51,17
171,1,1,10,18,1,19,0.94,7,51,17
172,1,1,10,17,1,19,0.94,7,51,17
173,1,1,10,15,1,19,0.94,7,51,17
174,1,1,10,3,1,19,0.94,7,51,17
175,1,1,10,12,1,19,0.94,7,51,17
176,1,1,10,11,1,19,0.94,7,51,17
177,1,1,10,13,1,19,0.94,7,51,17
178,1,1,10,14,1,19,0.94,7,51,17
179,1,1,10,2,1,19,0.94,7,51,17
180,1,1,10,8,1,19,0.94,7,51,17
181,1,1,10,10,1,15,0.47,19,46,10
182,1,1,10,29,1,15,0.47,19,46,10
183,1,1,10,9,1,15,0.47,19,46,10
184,1,1,10,27,1,15,0.47,19,46,10
185,1,1,10,30,1,15,0.47,19,46,10
186,1,1,10,1,1,15,0.47,19,46,10
187,1,1,10,4,1,15,0.47,19,46,10
188,1,1,10,20,1,15,0.47,19,46,10
189,1,1,10,26,1,15,0.47,19,46,10
190,1,1,10,23,1,15,0.47,19,46,10
191,1,1,10,6,1,15,0.47,19,46,10
192,1,1,10,5,1,15,0.47,19,46,10
193,1,1,10,16,1,15,0.47,19,46,10
194,1,1,10,21,1,15,0.47,19,46,10
195,1,1,10,19,1,15,0.47,19,46,10
196,1,1,10,24,1,15,0.47,19,46,10
197,1,1,10,25,1,15,0.47,19,46,10
198,1,1,10,7,1,15,0.47,19,46,10
199,1,1,10,28,1,15,0.47,19,46,10
200,1,1,10,22,1,15,0.47,19,46,10
201,1,1,10,18,1,15,0.47,19,46,10
202,1,1,10,17,1,15,0.47,19,46,10
203,1,1,10,15,1,15,0.47,19,46,10
204,1,1,10,3,1,15,0.47,19,46,10
205,1,1,10,12,1,15,0.47,19,46,10
206,1,1,10,11,1,15,0.47,19,46,10
207,1,1,10,13,1,15,0.47,19,46,10
208,1,1,10,14,1,15,0.47,19,46,10
209,1,1,10,2,1,15,0.47,19,46,10
210,1,1,10,8,1,15,0.47,19,46,10
211,1,1,10,10,1,12,0.69,19,63,24
212,1,1,10,29,1,12,0.69,19,63,24
213,1,1,10,9,1,12,0.69,19,63,24
214,1,1,10,27,1,12,0.69,19,63,24
215,1,1,10,30,1,12,0.69,19,63,24
216,1,1,10,1,1,12,0.69,19,63,24
217,1,1,10,4,1,12,0.69,19,63,24
218,1,1,10,20,1,12,0.69,19,63,24
219,1,1,10,26,1,12,0.69,19,63,24
220,1,1,10,23,1,12,0.69,19,63,24
221,1,1,10,6,1,12,0.69,19,63,24
222,1,1,10,5,1,12,0.69,19,63,24
223,1,1,10,16,1,12,0.69,19,63,24
224,1,1,10,21,1,12,0.69,19,63,24
225,1,1,10,19,1,12,0.69,19,63,24
226,1,1,10,24,1,12,0.69,19,63,24
227,1,1,10,25,1,12,0.69,19,63,24
228,1,1,10,7,1,12,0.69,19,63,24
229,1,1,10,28,1,12,0.69,19,63,24
230,1,1,10,22,1,12,0.69,19,63,24
231,1,1,10,18,1,12,0.69,19,63,24
232,1,1,10,17,1,12,0.69,19,63,24
233,1,1,10,15,1,12,0.69,19,63,24
234,1,1,10,3,1,12,0.69,19,63,24
235,1,1,10,12,1,12,0.69,19,63,24
236,1,1,10,11,1,12,0.69,19,63,24
237,1,1,10,13,1,12,0.69,19,63,24
238,1,1,10,14,1,12,0.69,19,63,24
239,1,1,10,2,1,12,0.69,19,63,24
240,1,1,10,8,1,12,0.69,19,63,24
241,1,1,10,10,1,14,0.25,5,96,21
242,1,1,10,29,1,14,0.25,5,96,21
243,1,1,10,9,1,14,0.25,5,96,21
244,1,1,10,27,1,14,0.25,5,96,21
245,1,1,10,30,1,14,0.25,5,96,21
246,1,1,10,1,1,14,0.25,5,96,21
247,1,1,10,4,1,14,0.25,5,96,21
248,1,1,10,20,1,14,0.25,5,96,21
249,1,1,10,26,1,14,0.25,5,96,21
250,1,1,10,23,1,14,0.25,5,96,21
251,1,1,10,6,1,14,0.25,5,96,21
252,1,1,10,5,1,14,0.25,5,96,21
253,1,1,10,16,1,14,0.25,5,96,21
254,1,1,10,21,1,14,0.25,5,96,21
255,1,1,10,19,1,14,0.25,5,96,21
256,1,1,10,24,1,14,0.25,5,96,21
257,1,1,10,25,1,14,0.25,5,96,21
258,1,1,10,7,1,14,0.25,5,96,21
259,1,1,10,28,1,14,0.25,5,96,21
260,1,1,10,22,1,14,0.25,5,96,21
261,1,1,10,18,1,14,0.25,5,96,21
262,1,1,10,17,1,14,0.25,5,96,21
263,1,1,10,15,1,14,0.25,5,96,21
264,1,1,10,3,1,14,0.25,5,96,21
265,1,1,10,12,1,14,0.25,5,96,21
266,1,1,10,11,1,14,0.25,5,96,21
267,1,1,10,13,1,14,0.25,5,96,21
268,1,1,10,14,1,14,0.25,5,96,21
269,1,1,10,2,1,14,0.25,5,96,21
270,1,1,10,8,1,14,0.25,5,96,21
271,1,1,10,10,1,16,0.66,6,124,13
272,1,1,10,29,1,16,0.66,6,124,13
273,1,1,10,9,1,16,0.66,6,124,13
274,1,1,10,27,1,16,0.66,6,124,13
275,1,1,10,30,1,16,0.66,6,124,13
276,1,1,10,1,1,16,0.66,6,124,13
277,1,1,10,4,1,16,0.66,6,124,13
278,1,1,10,20,1,16,0.66,6,124,13
279,1,1,10,26,1,16,0.66,6,124,13
280,1,1,10,23,1,16,0.66,6,124,13
281,1,1,10,6,1,16,0.66,6,124,13
282,1,1,10,5,1,16,0.66,6,124,13
283,1,1,10,16,1,16,0.66,6,124,13
284,1,1,10,21,1,16,0.66,6,124,13
285,1,1,10,19,1,16,0.66,6,124,13
286,1,1,10,24,1,16,0.66,6,124,13
287,1,1,10,25,1,16,0.66,6,124,13
288,1,1,10,7,1,16,0.66,6,124,13
289,1,1,10,28,1,16,0.66,6,124,13
290,1,1,10,22,1,16,0.66,6,124,13
291,1,1,10,18,1,16,0.66,6,124,13
292,1,1,10,17,1,16,0.66,6,124,13
293,1,1,10,15,1,16,0.66,6,124,13
294,1,1,10,3,1,16,0.66,6,124,13
295,1,1,10,12,1,16,0.66,6,124,13
296,1,1,10,11,1,16,0.66,6,124,13
297,1,1,10,13,1,16,0.66,6,124,13
298,1,1,10,14,1,16,0.66,6,124,13
299,1,1,10,2,1,16,0.66,6,124,13
300,1,1,10,8,1,16,0.66,6,124,13
301,1,1,10,10,1,15,0.22,15,174,15
302,1,1,10,29,1,15,0.22,15,174,15
303,1,1,10,9,1,15,0.22,15,174,15
304,1,1,10,27,1,15,0.22,15,174,15
305,1,1,10,30,1,15,0.22,15,174,15
306,1,1,10,1,1,15,0.22,15,174,15
307,1,1,10,4,1,15,0.22,15,174,15
308,1,1,10,20,1,15,0.22,15,174,15
309,1,1,10,26,1,15,0.22,15,174,15
310,1,1,10,23,1,15,0.22,15,174,15
311,1,1,10,6,1,15,0.22,15,174,15
312,1,1,10,5,1,15,0.22,15,174,15
313,1,1,10,16,1,15,0.22,15,174,15
314,1,1,10,21,1,15,0.22,15,174,15
315,1,1,10,19,1,15,0.22,15,174,15
316,1,1,10,24,1,15,0.22,15,174,15
317,1,1,10,25,1,15,0.22,15,174,15
318,1,1,10,7,1,15,0.22,15,174,15
319,1,1,10,28,1,15,0.22,15,174,15
320,1,1,10,22,1,15,0.22,15,174,15
321,1,1,10,18,1,15,0.22,15,174,15
322,1,1,10,17,1,15,0.22,15,174,15
323,1,1,10,15,1,15,0.22,15,174,15
324,1,1,10,3,1,15,0.22,15,174,15
325,1,1,10,12,1,15,0.22,15,174,15
326,1,1,10,11,1,15,0.22,15,174,15
327,1,1,10,13,1,15,0.22,15,174,15
328,1,1,10,14,1,15,0.22,15,174,15
329,1,1,10,2,1,15,0.22,15,174,15
330,1,1,10,8,1,15,0.22,15,174,15
331,1,1,10,10,1,16,0.72,13,169,21
332,1,1,10,29,1,16,0.72,13,169,21
333,1,1,10,9,1,16,0.72,13,169,21
334,1,1,10,27,1,16,0.72,13,169,21
335,1,1,10,30,1,16,0.72,13,169,21
336,1,1,10,1,1,16,0.72,13,169,21
337,1,1,10,4,1,16,0.72,13,169,21
338,1,1,10,20,1,16,0.72,13,169,21
339,1,1,10,26,1,16,0.72,13,169,21
340,1,1,10,23,1,16,0.72,13,169,21
341,1,1,10,6,1,16,0.72,13,169,21
342,1,1,10,5,1,16,0.72,13,169,21
343,1,1,10,16,1,16,0.72,13,169,21
344,1,1,10,21,1,16,0.72,13,169,21
345,1,1,10,19,1,16,0.72,13,169,21
346,1,1,10,24,1,16,0.72,13,169,21
347,1,1,10,25,1,16,0.72,13,169,21
348,1,1,10,7,1,16,0.72,13,169,21
349,1,1,10,28,1,16,0.72,13,169,21
350,1,1,10,22,1,16,0.72,13,169,21
351,1,1,10,18,1,16,0.72,13,169,21
352,1,1,10,17,1,16,0.72,13,169,21
353,1,1,10,15,1,16,0.72,13,169,21
354,1,1,10,3,1,16,0.72,13,169,21
355,1,1,10,12,1,16,0.72,13,169,21
356,1,1,10,11,1,16,0.72,13,169,21
357,1,1,10,13,1,16,0.72,13,169,21
358,1,1,10,14,1,16,0.72,13,169,21
359,1,1,10,2,1,16,0.72,13,169,21
360,1,1,10,8,1,16,0.72,13,169,21
361,1,1,10,10,1,13,0.16,5,102,19
362,1,1,10,29,1,13,0.16,5,102,19
363,1,1,10,9,1,13,0.16,5,102,19
364,1,1,10,27,1,13,0.16,5,102,19
365,1,1,10,30,1,13,0.16,5,102,19
366,1,1,10,1,1,13,0.16,5,102,19
367,1,1,10,4,1,13,0.16,5,102,19
368,1,1,10,20,1,13,0.16,5,102,19
369,1,1,10,26,1,13,0.16,5,102,19
370,1,1,10,23,1,13,0.16,5,102,19
371,1,1,10,6,1,13,0.16,5,102,19
372,1,1,10,5,1,13,0.16,5,102,19
373,1,1,10,16,1,13,0.16,5,102,19
374,1,1,10,21,1,13,0.16,5,102,19
375,1,1,10,19,1,13,0.16,5,102,19
376,1,1,10,24,1,13,0.16,5,102,19
377,1,1,10,25,1,13,0.16,5,102,19
378,1,1,10,7,1,13,0.16,5,102,19
379,1,1,10,28,1,13,0.16,5,102,19
380,1,1,10,22,1,13,0.16,5,102,19
381,1,1,10,18,1,13,0.16,5,102,19
382,1,1,10,17,1,13,0.16,5,102,19
383,1,1,10,15,1,13,0.16,5,102,19
384,1,1,10,3,1,13,0.16,5,102,19
385,1,1,10,12,1,13,0.16,5,102,19
386,1,1,10,11,1,13,0.16,5,102,19
387,1,1,10,13,1,13,0.16,5,102,19
388,1,1,10,14,1,13,0.16,5,102,19
389,1,1,10,2,1,13,0.16,5,102,19
390,1,1,10,8,1,13,0.16,5,102,19
391,1,1,10,10,1,17,0.59,8,158,12
392,1,1,10,29,1,17,0.59,8,158,12
393,1,1,10,9,1,17,0.59,8,158,12
394,1,1,10,27,1,17,0.59,8,158,12
395,1,1,10,30,1,17,0.59,8,158,12
396,1,1,10,1,1,17,0.59,8,158,12
397,1,1,10,4,1,17,0.59,8,158,12
398,1,1,10,20,1,17,0.59,8,158,12
399,1,1,10,26,1,17,0.59,8,158,12
400,1,1,10,23,1,17,0.59,8,158,12
401,1,1,10,6,1,17,0.59,8,158,12
402,1,1,10,5,1,17,0.59,8,158,12
403,1,1,10,16,1,17,0.59,8,158,12
404,1,1,10,21,1,17,0.59,8,158,12
405,1,1,10,19,1,17,0.59,8,158,12
406,1,1,10,24,1,17,0.59,8,158,12
407,1,1,10,25,1,17,0.59,8,158,12
408,1,1,10,7,1,17,0.59,8,158,12
409,1,1,10,28,1,17,0.59,8,158,12
410,1,1,10,22,1,17,0.59,8,158,12
411,1,1,10,18,1,17,0.59,8,158,12
412,1,1,10,17,1,17,0.59,8,158,12
413,1,1,10,15,1,17,0.59,8,158,12
414,1,1,10,3,1,17,0.59,8,158,12
415,1,1,10,12,1,17,0.59,8,158,12
416,1,1,10,11,1,17,0.59,8,158,12
417,1,1,10,13,1,17,0.59,8,158,12
418,1,1,10,14,1,17,0.59,8,158,12
419,1,1,10,2,1,17,0.59,8,158,12
420,1,1,10,8,1,17,0.59,8,158,12
421,1,1,10,10,1,14,0.19,17,163,16
422,1,1,10,29,1,14,0.19,17,163,16
423,1,1,10,9,1,14,0.19,17,163,16
424,1,1,10,27,1,14,0.19,17,163,16
425,1,1,10,30,1,14,0.19,17,163,16
426,1,1,10,1,1,14,0.19,17,163,16
427,1,1,10,4,1,14,0.19,17,163,16
428,1,1,10,20,1,14,0.19,17,163,16
429,1,1,10,26,1,14,0.19,17,163,16
430,1,1,10,23,1,14,0.19,17,163,16
431,1,1,10,6,1,14,0.19,17,163,16
432,1,1,10,5,1,14,0.19,17,163,16
433,1,1,10,16,1,14,0.19,17,163,16
434,1,1,10,21,1,14,0.19,17,163,16
435,1,1,10,19,1,14,0.19,17,163,16
436,1,1,10,24,1,14,0.19,17,163,16
437,1,1,10,25,1,14,0.19,17,163,16
438,1,1,10,7,1,14,0.19,17,163,16
439,1,1,10,28,1,14,0.19,17,163,16
440,1,1,10,22,1,14,0.19,17,163,16
441,1,1,10,18,1,14,0.19,17,163,16
442,1,1,10,17,1,14,0.19,17,163,16
443,1,1,10,15,1,14,0.19,17,163,16
444,1,1,10,3,1,14,0.19,17,163,16
445,1,1,10,12,1,14,0.19,17,163,16
446,1,1,10,11,1,14,0.19,17,163,16
447,1,1,10,13,1,14,0.19,17,163,16
448,1,1,10,14,1,14,0.19,17,163,16
449,1,1,10,2,1,14,0.19,17,163,16
450,1,1,10,8,1,14,0.19,17,163,16
451,1,1,10,10,1,17,0.63,12,180,22
452,1,1,10,29,1,17,0.63,12,180,22
453,1,1,10,9,1,17,0.63,12,180,22
454,1,1,10,27,1,17,0.63,12,180,22
455,1,1,10,30,1,17,0.63,12,180,22
456,1,1,10,1,1,17,0.63,12,180,22
457,1,1,10,4,1,17,0.63,12,180,22
458,1,1,10,20,1,17,0.63,12,180,22
459,1,1,10,26,1,17,0.63,12,180,22
460,1,1,10,23,1,17,0.63,12,180,22
461,1,1,10,6,1,17,0.63,12,180,22
462,1,1,10,5,1,17,0.63,12,180,22
463,1,1,10,16,1,17,0.63,12,180,22
464,1,1,10,21,1,17,0.63,12,180,22
465,1,1,10,19,1,17,0.63,12,180,22
466,1,1,10,24,1,17,0.63,12,180,22
467,1,1,10,25,1,17,0.63,12,180,22
468,1,1,10,7,1,17,0.63,12,180,22
469,1,1,10,28,1,17,0.63,12,180,22
470,1,1,10,22,1,17,0.63,12,180,22
471,1,1,10,18,1,17,0.63,12,180,22
472,1,1,10,17,1,17,0.63,12,180,22
473,1,1,10,15,1,17,0.63,12,180,22
474,1,1,10,3,1,17,0.63,12,180,22
475,1,1,10,12,1,17,0.63,12,180,22
476,1,1,10,11,1,17,0.63,12,180,22
477,1,1,10,13,1,17,0.63,12,180,22
478,1,1,10,14,1,17,0.63,12,180,22
479,1,1,10,2,1,17,0.63,12,180,22
480,1,1,10,8,1,17,0.63,12,180,22
481,1,1,10,10,1,12,0.5,11,91,18
482,1,1,10,29,1,12,0.5,11,91,18
483,1,1,10,9,1,12,0.5,11,91,18
484,1,1,10,27,1,12,0.5,11,91,18
485,1,1,10,30,1,12,0.5,11,91,18
486,1,1,10,1,1,12,0.5,11,91,18
487,1,1,10,4,1,12,0.5,11,91,18
488,1,1,10,20,1,12,0.5,11,91,18
489,1,1,10,26,1,12,0.5,11,91,18
490,1,1,10,23,1,12,0.5,11,91,18
491,1,1,10,6,1,12,0.5,11,91,18
492,1,1,10,5,1,12,0.5,11,91,18
493,1,1,10,16,1,12,0.5,11,91,18
494,1,1,10,21,1,12,0.5,11,91,18
495,1,1,10,19,1,12,0.5,11,91,18
496,1,1,10,24,1,12,0.5,11,91,18
497,1,1,10,25,1,12,0.5,11,91,18
498,1,1,10,7,1,12,0.5,11,91,18
499,1,1,10,28,1,12,0.5,11,91,18
500,1,1,10,22,1,12,0.5,11,91,18
501,1,1,10,18,1,12,0.5,11,91,18
502,1,1,10,17,1,12,0.5,11,91,18
503,1,1,10,15,1,12,0.5,11,91,18
504,1,1,10,3,1,12,0.5,11,91,18
505,1,1,10,12,1,12,0.5,11,91,18
506,1,1,10,11,1,12,0.5,11,91,18
507,1,1,10,13,1,12,0.5,11,91,18
508,1,1,10,14,1,12,0.5,11,91,18
509,1,1,10,2,1,12,0.5,11,91,18
510,1,1,10,8,1,12,0.5,11,91,18
511,1,1,10,10,1,3,0.91,12,146,12
512,1,1,10,29,1,3,0.91,12,146,12
513,1,1,10,9,1,3,0.91,12,146,12
514,1,1,10,27,1,3,0.91,12,146,12
515,1,1,10,30,1,3,0.91,12,146,12
516,1,1,10,1,1,3,0.91,12,146,12
517,1,1,10,4,1,3,0.91,12,146,12
518,1,1,10,20,1,3,0.91,12,146,12
519,1,1,10,26,1,3,0.91,12,146,12
520,1,1,10,23,1,3,0.91,12,146,12
521,1,1,10,6,1,3,0.91,12,146,12
522,1,1,10,5,1,3,0.91,12,146,12
523,1,1,10,16,1,3,0.91,12,146,12
524,1,1,10,21,1,3,0.91,12,146,12
525,1,1,10,19,1,3,0.91,12,146,12
526,1,1,10,24,1,3,0.91,12,146,12
527,1,1,10,25,1,3,0.91,12,146,12
528,1,1,10,7,1,3,0.91,12,146,12
529,1,1,10,28,1,3,0.91,12,146,12
530,1,1,10,22,1,3,0.91,12,146,12
531,1,1,10,18,1,3,0.91,12,146,12
532,1,1,10,17,1,3,0.91,12,146,12
533,1,1,10,15,1,3,0.91,12,146,12
534,1,1,10,3,1,3,0.91,12,146,12
535,1,1,10,12,1,3,0.91,12,146,12
536,1,1,10,11,1,3,0.91,12,146,12
537,1,1,10,13,1,3,0.91,12,146,12
538,1,1,10,14,1,3,0.91,12,146,12
539,1,1,10,2,1,3,0.91,12,146,12
540,1,1,10,8,1,3,0.91,12,146,12
541,1,1,10,10,1,5,0,18,113,18
542,1,1,10,29,1,5,0,18,113,18
543,1,1,10,9,1,5,0,18,113,18
544,1,1,10,27,1,5,0,18,113,18
545,1,1,10,30,1,5,0,18,113,18
546,1,1,10,1,1,5,0,18,113,18
547,1,1,10,4,1,5,0,18,113,18
548,1,1,10,20,1,5,0,18,113,18
549,1,1,10,26,1,5,0,18,113,18
550,1,1,10,23,1,5,0,18,113,18
551,1,1,10,6,1,5,0,18,113,18
552,1,1,10,5,1,5,0,18,113,18
553,1,1,10,16,1,5,0,18,113,18
554,1,1,10,21,1,5,0,18,113,18
555,1,1,10,19,1,5,0,18,113,18
556,1,1,10,24,1,5,0,18,113,18
557,1,1,10,25,1,5,0,18,113,18
558,1,1,10,7,1,5,0,18,113,18
559,1,1,10,28,1,5,0,18,113,18
560,1,1,10,22,1,5,0,18,113,18
561,1,1,10,18,1,5,0,18,113,18
562,1,1,10,17,1,5,0,18,113,18
563,1,1,10,15,1,5,0,18,113,18
564,1,1,10,3,1,5,0,18,113,18
565,1,1,10,12,1,5,0,18,113,18
566,1,1,10,11,1,5,0,18,113,18
567,1,1,10,13,1,5,0,18,113,18
568,1,1,10,14,1,5,0,18,113,18
569,1,1,10,2,1,5,0,18,113,18
570,1,1,10,8,1,5,0,18,113,18
571,1,1,10,10,1,5,0.56,3,152,25
572,1,1,10,29,1,5,0.56,3,152,25
573,1,1,10,9,1,5,0.56,3,152,25
574,1,1,10,27,1,5,0.56,3,152,25
575,1,1,10,30,1,5,0.56,3,152,25
576,1,1,10,1,1,5,0.56,3,152,25
577,1,1,10,4,1,5,0.56,3,152,25
578,1,1,10,20,1,5,0.56,3,152,25
579,1,1,10,26,1,5,0.56,3,152,25
580,1,1,10,23,1,5,0.56,3,152,25
581,1,1,10,6,1,5,0.56,3,152,25
582,1,1,10,5,1,5,0.56,3,152,25
583,1,1,10,16,1,5,0.56,3,152,25
584,1,1,10,21,1,5,0.56,3,152,25
585,1,1,10,19,1,5,0.56,3,152,25
586,1,1,10,24,1,5,0.56,3,152,25
587,1,1,10,25,1,5,0.56,3,152,25
588,1,1,10,7,1,5,0.56,3,152,25
589,1,1,10,28,1,5,0.56,3,152,25
590,1,1,10,22,1,5,0.56,3,152,25
591,1,1,10,18,1,5,0.56,3,152,25
592,1,1,10,17,1,5,0.56,3,152,25
593,1,1,10,15,1,5,0.56,3,152,25
594,1,1,10,3,1,5,0.56,3,152,25
595,1,1,10,12,1,5,0.56,3,152,25
596,1,1,10,11,1,5,0.56,3,152,25
597,1,1,10,13,1,5,0.56,3,152,25
598,1,1,10,14,1,5,0.56,3,152,25
599,1,1,10,2,1,5,0.56,3,152,25
600,1,1,10,8,1,5,0.56,3,152,25
601,1,1,10,10,1,10,0.13,1,107,11
602,1,1,10,29,1,10,0.13,1,107,11
603,1,1,10,9,1,10,0.13,1,107,11
604,1,1,10,27,1,10,0.13,1,107,11
605,1,1,10,30,1,10,0.13,1,107,11
606,1,1,10,1,1,10,0.13,1,107,11
607,1,1,10,4,1,10,0.13,1,107,11
608,1,1,10,20,1,10,0.13,1,107,11
609,1,1,10,26,1,10,0.13,1,107,11
610,1,1,10,23,1,10,0.13,1,107,11
611,1,1,10,6,1,10,0.13,1,107,11
612,1,1,10,5,1,10,0.13,1,107,11
613,1,1,10,16,1,10,0.13,1,107,11
614,1,1,10,21,1,10,0.13,1,107,11
615,1,1,10,19,1,10,0.13,1,107,11
616,1,1,10,24,1,10,0.13,1,107,11
617,1,1,10,25,1,10,0.13,1,107,11
618,1,1,10,7,1,10,0.13,1,107,11
619,1,1,10,28,1,10,0.13,1,107,11
620,1,1,10,22,1,10,0.13,1,107,11
621,1,1,10,18,1,10,0.13,1,107,11
622,1,1,10,17,1,10,0.13,1,107,11
623,1,1,10,15,1,10,0.13,1,107,11
624,1,1,10,3,1,10,0.13,1,107,11
625,1,1,10,12,1,10,0.13,1,107,11
626,1,1,10,11,1,10,0.13,1,107,11
627,1,1,10,13,1,10,0.13,1,107,11
628,1,1,10,14,1,10,0.13,1,107,11
629,1,1,10,2,1,10,0.13,1,107,11
630,1,1,10,8,1,10,0.13,1,107,11
631,1,1,10,10,1,4,0.97,11,141,15
632,1,1,10,29,1,4,0.97,11,141,15
633,1,1,10,9,1,4,0.97,11,141,15
634,1,1,10,27,1,4,0.97,11,141,15
635,1,1,10,30,1,4,0.97,11,141,15
636,1,1,10,1,1,4,0.97,11,141,15
637,1,1,10,4,1,4,0.97,11,141,15
638,1,1,10,20,1,4,0.97,11,141,15
639,1,1,10,26,1,4,0.97,11,141,15
640,1,1,10,23,1,4,0.97,11,141,15
641,1,1,10,6,1,4,0.97,11,141,15
642,1,1,10,5,1,4,0.97,11,141,15
643,1,1,10,16,1,4,0.97,11,141,15
644,1,1,10,21,1,4,0.97,11,141,15
645,1,1,10,19,1,4,0.97,11,141,15
646,1,1,10,24,1,4,0.97,11,141,15
647,1,1,10,25,1,4,0.97,11,141,15
648,1,1,10,7,1,4,0.97,11,141,15
649,1,1,10,28,1,4,0.97,11,141,15
650,1,1,10,22,1,4,0.97,11,141,15
651,1,1,10,18,1,4,0.97,11,141,15
652,1,1,10,17,1,4,0.97,11,141,15
653,1,1,10,15,1,4,0.97,11,141,15
654,1,1,10,3,1,4,0.97,11,141,15
655,1,1,10,12,1,4,0.97,11,141,15
656,1,1,10,11,1,4,0.97,11,141,15
657,1,1,10,13,1,4,0.97,11,141,15
658,1,1,10,14,1,4,0.97,11,141,15
659,1,1,10,2,1,4,0.97,11,141,15
660,1,1,10,8,1,4,0.97,11,141,15
661,1,1,10,10,1,4,0.06,14,130,18
662,1,1,10,29,1,4,0.06,14,130,18
663,1,1,10,9,1,4,0.06,14,130,18
664,1,1,10,27,1,4,0.06,14,130,18
665,1,1,10,30,1,4,0.06,14,130,18
666,1,1,10,1,1,4,0.06,14,130,18
667,1,1,10,4,1,4,0.06,14,130,18
668,1,1,10,20,1,4,0.06,14,130,18
669,1,1,10,26,1,4,0.06,14,130,18
670,1,1,10,23,1,4,0.06,14,130,18
671,1,1,10,6,1,4,0.06,14,130,18
672,1,1,10,5,1,4,0.06,14,130,18
673,1,1,10,16,1,4,0.06,14,130,18
674,1,1,10,21,1,4,0.06,14,130,18
675,1,1,10,19,1,4,0.06,14,130,18
676,1,1,10,24,1,4,0.06,14,130,18
677,1,1,10,25,1,4,0.06,14,130,18
678,1,1,10,7,1,4,0.06,14,130,18
679,1,1,10,28,1,4,0.06,14,130,18
680,1,1,10,22,1,4,0.06,14,130,18
681,1,1,10,18,1,4,0.06,14,130,18
682,1,1,10,17,1,4,0.06,14,130,18
683,1,1,10,15,1,4,0.06,14,130,18
684,1,1,10,3,1,4,0.06,14,130,18
685,1,1,10,12,1,4,0.06,14,130,18
686,1,1,10,11,1,4,0.06,14,130,18
687,1,1,10,13,1,4,0.06,14,130,18
688,1,1,10,14,1,4,0.06,14,130,18
689,1,1,10,2,1,4,0.06,14,130,18
690,1,1,10,8,1,4,0.06,14,130,18
691,1,1,10,10,1,8,0.53,2,135,25
692,1,1,10,29,1,8,0.53,2,135,25
693,1,1,10,9,1,8,0.53,2,135,25
694,1,1,10,27,1,8,0.53,2,135,25
695,1,1,10,30,1,8,0.53,2,135,25
696,1,1,10,1,1,8,0.53,2,135,25
697,1,1,10,4,1,8,0.53,2,135,25
698,1,1,10,20,1,8,0.53,2,135,25
699,1,1,10,26,1,8,0.53,2,135,25
700,1,1,10,23,1,8,0.53,2,135,25
701,1,1,10,6,1,8,0.53,2,135,25
702,1,1,10,5,1,8,0.53,2,135,25
703,1,1,10,16,1,8,0.53,2,135,25
704,1,1,10,21,1,8,0.53,2,135,25
705,1,1,10,19,1,8,0.53,2,135,25
706,1,1,10,24,1,8,0.53,2,135,25
707,1,1,10,25,1,8,0.53,2,135,25
708,1,1,10,7,1,8,0.53,2,135,25
709,1,1,10,28,1,8,0.53,2,135,25
710,1,1,10,22,1,8,0.53,2,135,25
711,1,1,10,18,1,8,0.53,2,135,25
712,1,1,10,17,1,8,0.53,2,135,25
713,1,1,10,15,1,8,0.53,2,135,25
714,1,1,10,3,1,8,0.53,2,135,25
715,1,1,10,12,1,8,0.53,2,135,25
716,1,1,10,11,1,8,0.53,2,135,25
717,1,1,10,13,1,8,0.53,2,135,25
718,1,1,10,14,1,8,0.53,2,135,25
719,1,1,10,2,1,8,0.53,2,135,25
720,1,1,10,8,1,8,0.53,2,135,25
721,1,1,10,10,1,11,0.31,2,118,11
722,1,1,10,29,1,11,0.31,2,118,11
723,1,1,10,9,1,11,0.31,2,118,11
724,1,1,10,27,1,11,0.31,2,118,11
725,1,1,10,30,1,11,0.31,2,118,11
726,1,1,10,1,1,11,0.31,2,118,11
727,1,1,10,4,1,11,0.31,2,118,11
728,1,1,10,20,1,11,0.31,2,118,11
729,1,1,10,26,1,11,0.31,2,118,11
730,1,1,10,23,1,11,0.31,2,118,11
731,1,1,10,6,1,11,0.31,2,118,11
732,1,1,10,5,1,11,0.31,2,118,11
733,1,1,10,16,1,11,0.31,2,118,11
734,1,1,10,21,1,11,0.31,2,118,11
735,1,1,10,19,1,11,0.31,2,118,11
736,1,1,10,24,1,11,0.31,2,118,11
737,1,1,10,25,1,11,0.31,2,118,11
738,1,1,10,7,1,11,0.31,2,118,11
739,1,1,10,28,1,11,0.31,2,118,11
740,1,1,10,22,1,11,0.31,2,118,11
741,1,1,10,18,1,11,0.31,2,118,11
742,1,1,10,17,1,11,0.31,2,118,11
743,1,1,10,15,1,11,0.31,2,118,11
744,1,1,10,3,1,11,0.31,2,118,11
745,1,1,10,12,1,11,0.31,2,118,11
746,1,1,10,11,1,11,0.31,2,118,11
747,1,1,10,13,1,11,0.31,2,118,11
748,1,1,10,14,1,11,0.31,2,118,11
749,1,1,10,2,1,11,0.31,2,118,11
750,1,1,10,8,1,11,0.31,2,118,11
751,1,1,10,10,1,9,0.75,16,85,14
752,1,1,10,29,1,9,0.75,16,85,14
753,1,1,10,9,1,9,0.75,16,85,14
754,1,1,10,27,1,9,0.75,16,85,14
755,1,1,10,30,1,9,0.75,16,85,14
756,1,1,10,1,1,9,0.75,16,85,14
757,1,1,10,4,1,9,0.75,16,85,14
758,1,1,10,20,1,9,0.75,16,85,14
759,1,1,10,26,1,9,0.75,16,85,14
760,1,1,10,23,1,9,0.75,16,85,14
761,1,1,10,6,1,9,0.75,16,85,14
762,1,1,10,5,1,9,0.75,16,85,14
763,1,1,10,16,1,9,0.75,16,85,14
764,1,1,10,21,1,9,0.75,16,85,14
765,1,1,10,19,1,9,0.75,16,85,14
766,1,1,10,24,1,9,0.75,16,85,14
767,1,1,10,25,1,9,0.75,16,85,14
768,1,1,10,7,1,9,0.75,16,85,14
769,1,1,10,28,1,9,0.75,16,85,14
770,1,1,10,22,1,9,0.75,16,85,14
771,1,1,10,18,1,9,0.75,16,85,14
772,1,1,10,17,1,9,0.75,16,85,14
773,1,1,10,15,1,9,0.75,16,85,14
774,1,1,10,3,1,9,0.75,16,85,14
775,1,1,10,12,1,9,0.75,16,85,14
776,1,1,10,11,1,9,0.75,16,85,14
777,1,1,10,13,1,9,0.75,16,85,14
778,1,1,10,14,1,9,0.75,16,85,14
779,1,1,10,2,1,9,0.75,16,85,14
780,1,1,10,8,1,9,0.75,16,85,14
781,1,1,10,10,1,7,0.34,15,57,22
782,1,1,10,29,1,7,0.34,15,57,22
783,1,1,10,9,1,7,0.34,15,57,22
784,1,1,10,27,1,7,0.34,15,57,22
785,1,1,10,30,1,7,0.34,15,57,22
786,1,1,10,1,1,7,0.34,15,57,22
787,1,1,10,4,1,7,0.34,15,57,22
788,1,1,10,20,1,7,0.34,15,57,22
789,1,1,10,26,1,7,0.34,15,57,22
790,1,1,10,23,1,7,0.34,15,57,22
791,1,1,10,6,1,7,0.34,15,57,22
792,1,1,10,5,1,7,0.34,15,57,22
793,1,1,10,16,1,7,0.34,15,57,22
794,1,1,10,21,1,7,0.34,15,57,22
795,1,1,10,19,1,7,0.34,15,57,22
796,1,1,10,24,1,7,0.34,15,57,22
797,1,1,10,25,1,7,0.34,15,57,22
798,1,1,10,7,1,7,0.34,15,57,22
799,1,1,10,28,1,7,0.34,15,57,22
800,1,1,10,22,1,7,0.34,15,57,22
801,1,1,10,18,1,7,0.34,15,57,22
802,1,1,10,17,1,7,0.34,15,57,22
803,1,1,10,15,1,7,0.34,15,57,22
804,1,1,10,3,1,7,0.34,15,57,22
805,1,1,10,12,1,7,0.34,15,57,22
806,1,1,10,11,1,7,0.34,15,57,22
807,1,1,10,13,1,7,0.34,15,57,22
808,1,1,10,14,1,7,0.34,15,57,22
809,1,1,10,2,1,7,0.34,15,57,22
810,1,1,10,8,1,7,0.34,15,57,22
811,1,1,10,10,1,8,0.78,6,7,20
812,1,1,10,29,1,8,0.78,6,7,20
813,1,1,10,9,1,8,0.78,6,7,20
814,1,1,10,27,1,8,0.78,6,7,20
815,1,1,10,30,1,8,0.78,6,7,20
816,1,1,10,1,1,8,0.78,6,7,20
817,1,1,10,4,1,8,0.78,6,7,20
818,1,1,10,20,1,8,0.78,6,7,20
819,1,1,10,26,1,8,0.78,6,7,20
820,1,1,10,23,1,8,0.78,6,7,20
821,1,1,10,6,1,8,0.78,6,7,20
822,1,1,10,5,1,8,0.78,6,7,20
823,1,1,10,16,1,8,0.78,6,7,20
824,1,1,10,21,1,8,0.78,6,7,20
825,1,1,10,19,1,8,0.78,6,7,20
826,1,1,10,24,1,8,0.78,6,7,20
827,1,1,10,25,1,8,0.78,6,7,20
828,1,1,10,7,1,8,0.78,6,7,20
829,1,1,10,28,1,8,0.78,6,7,20
830,1,1,10,22,1,8,0.78,6,7,20
831,1,1,10,18,1,8,0.78,6,7,20
832,1,1,10,17,1,8,0.78,6,7,20
833,1,1,10,15,1,8,0.78,6,7,20
834,1,1,10,3,1,8,0.78,6,7,20
835,1,1,10,12,1,8,0.78,6,7,20
836,1,1,10,11,1,8,0.78,6,7,20
837,1,1,10,13,1,8,0.78,6,7,20
838,1,1,10,14,1,8,0.78,6,7,20
839,1,1,10,2,1,8,0.78,6,7,20
840,1,1,10,8,1,8,0.78,6,7,20
841,1,1,10,10,1,7,0.28,8,12,14
842,1,1,10,29,1,7,0.28,8,12,14
843,1,1,10,9,1,7,0.28,8,12,14
844,1,1,10,27,1,7,0.28,8,12,14
845,1,1,10,30,1,7,0.28,8,12,14
846,1,1,10,1,1,7,0.28,8,12,14
847,1,1,10,4,1,7,0.28,8,12,14
848,1,1,10,20,1,7,0.28,8,12,14
849,1,1,10,26,1,7,0.28,8,12,14
850,1,1,10,23,1,7,0.28,8,12,14
851,1,1,10,6,1,7,0.28,8,12,14
852,1,1,10,5,1,7,0.28,8,12,14
853,1,1,10,16,1,7,0.28,8,12,14
854,1,1,10,21,1,7,0.28,8,12,14
855,1,1,10,19,1,7,0.28,8,12,14
856,1,1,10,24,1,7,0.28,8,12,14
857,1,1,10,25,1,7,0.28,8,12,14
858,1,1,10,7,1,7,0.28,8,12,14
859,1,1,10,28,1,7,0.28,8,12,14
860,1,1,10,22,1,7,0.28,8,12,14
861,1,1,10,18,1,7,0.28,8,12,14
862,1,1,10,17,1,7,0.28,8,12,14
863,1,1,10,15,1,7,0.28,8,12,14
864,1,1,10,3,1,7,0.28,8,12,14
865,1,1,10,12,1,7,0.28,8,12,14
866,1,1,10,11,1,7,0.28,8,12,14
867,1,1,10,13,1,7,0.28,8,12,14
868,1,1,10,14,1,7,0.28,8,12,14
869,1,1,10,2,1,7,0.28,8,12,14
870,1,1,10,8,1,7,0.28,8,12,14
871,1,1,10,10,1,10,0.84,16,79,16
872,1,1,10,29,1,10,0.84,16,79,16
873,1,1,10,9,1,10,0.84,16,79,16
874,1,1,10,27,1,10,0.84,16,79,16
875,1,1,10,30,1,10,0.84,16,79,16
876,1,1,10,1,1,10,0.84,16,79,16
877,1,1,10,4,1,10,0.84,16,79,16
878,1,1,10,20,1,10,0.84,16,79,16
879,1,1,10,26,1,10,0.84,16,79,16
880,1,1,10,23,1,10,0.84,16,79,16
881,1,1,10,6,1,10,0.84,16,79,16
882,1,1,10,5,1,10,0.84,16,79,16
883,1,1,10,16,1,10,0.84,16,79,16
884,1,1,10,21,1,10,0.84,16,79,16
885,1,1,10,19,1,10,0.84,16,79,16
886,1,1,10,24,1,10,0.84,16,79,16
887,1,1,10,25,1,10,0.84,16,79,16
888,1,1,10,7,1,10,0.84,16,79,16
889,1,1,10,28,1,10,0.84,16,79,16
890,1,1,10,22,1,10,0.84,16,79,16
891,1,1,10,18,1,10,0.84,16,79,16
892,1,1,10,17,1,10,0.84,16,79,16
893,1,1,10,15,1,10,0.84,16,79,16
894,1,1,10,3,1,10,0.84,16,79,16
895,1,1,10,12,1,10,0.84,16,79,16
896,1,1,10,11,1,10,0.84,16,79,16
897,1,1,10,13,1,10,0.84,16,79,16
898,1,1,10,14,1,10,0.84,16,79,16
899,1,1,10,2,1,10,0.84,16,79,16
900,1,1,10,8,1,10,0.84,16,79,16
901,1,1,10,10,1,6,0.41,13,23,23
902,1,1,10,29,1,6,0.41,13,23,23
903,1,1,10,9,1,6,0.41,13,23,23
904,1,1,10,27,1,6,0.41,13,23,23
905,1,1,10,30,1,6,0.41,13,23,23
906,1,1,10,1,1,6,0.41,13,23,23
907,1,1,10,4,1,6,0.41,13,23,23
908,1,1,10,20,1,6,0.41,13,23,23
909,1,1,10,26,1,6,0.41,13,23,23
910,1,1,10,23,1,6,0.41,13,23,23
911,1,1,10,6,1,6,0.41,13,23,23
912,1,1,10,5,1,6,0.41,13,23,23
913,1,1,10,16,1,6,0.41,13,23,23
914,1,1,10,21,1,6,0.41,13,23,23
915,1,1,10,19,1,6,0.41,13,23,23
916,1,1,10,24,1,6,0.41,13,23,23
917,1,1,10,25,1,6,0.41,13,23,23
918,1,1,10,7,1,6,0.41,13,23,23
919,1,1,10,28,1,6,0.41,13,23,23
920,1,1,10,22,1,6,0.41,13,23,23
921,1,1,10,18,1,6,0.41,13,23,23
922,1,1,10,17,1,6,0.41,13,23,23
923,1,1,10,15,1,6,0.41,13,23,23
924,1,1,10,3,1,6,0.41,13,23,23
925,1,1,10,12,1,6,0.41,13,23,23
926,1,1,10,11,1,6,0.41,13,23,23
927,1,1,10,13,1,6,0.41,13,23,23
928,1,1,10,14,1,6,0.41,13,23,23
929,1,1,10,2,1,6,0.41,13,23,23
930,1,1,10,8,1,6,0.41,13,23,23
931,1,1,10,10,1,9,0.81,4,18,19
932,1,1,10,29,1,9,0.81,4,18,19
933,1,1,10,9,1,9,0.81,4,18,19
934,1,1,10,27,1,9,0.81,4,18,19
935,1,1,10,30,1,9,0.81,4,18,19
936,1,1,10,1,1,9,0.81,4,18,19
937,1,1,10,4,1,9,0.81,4,18,19
938,1,1,10,20,1,9,0.81,4,18,19
939,1,1,10,26,1,9,0.81,4,18,19
940,1,1,10,23,1,9,0.81,4,18,19
941,1,1,10,6,1,9,0.81,4,18,19
942,1,1,10,5,1,9,0.81,4,18,19
943,1,1,10,16,1,9,0.81,4,18,19
944,1,1,10,21,1,9,0.81,4,18,19
945,1,1,10,19,1,9,0.81,4,18,19
946,1,1,10,24,1,9,0.81,4,18,19
947,1,1,10,25,1,9,0.81,4,18,19
948,1,1,10,7,1,9,0.81,4,18,19
949,1,1,10,28,1,9,0.81,4,18,19
950,1,1,10,22,1,9,0.81,4,18,19
951,1,1,10,18,1,9,0.81,4,18,19
952,1,1,10,17,1,9,0.81,4,18,19
953,1,1,10,15,1,9,0.81,4,18,19
954,1,1,10,3,1,9,0.81,4,18,19
955,1,1,10,12,1,9,0.81,4,18,19
956,1,1,10,11,1,9,0.81,4,18,19
957,1,1,10,13,1,9,0.81,4,18,19
958,1,1,10,14,1,9,0.81,4,18,19
959,1,1,10,2,1,9,0.81,4,18,19
960,1,1,10,8,1,9,0.81,4,18,19
961,1,1,10,10,1,6,0.38,9,1,13
962,1,1,10,29,1,6,0.38,9,1,13
963,1,1,10,9,1,6,0.38,9,1,13
964,1,1,10,27,1,6,0.38,9,1,13
965,1,1,10,30,1,6,0.38,9,1,13
966,1,1,10,1,1,6,0.38,9,1,13
967,1,1,10,4,1,6,0.38,9,1,13
968,1,1,10,20,1,6,0.38,9,1,13
969,1,1,10,26,1,6,0.38,9,1,13
970,1,1,10,23,1,6,0.38,9,1,13
971,1,1,10,6,1,6,0.38,9,1,13
972,1,1,10,5,1,6,0.38,9,1,13
973,1,1,10,16,1,6,0.38,9,1,13
974,1,1,10,21,1,6,0.38,9,1,13
975,1,1,10,19,1,6,0.38,9,1,13
976,1,1,10,24,1,6,0.38,9,1,13
977,1,1,10,25,1,6,0.38,9,1,13
978,1,1,10,7,1,6,0.38,9,1,13
979,1,1,10,28,1,6,0.38,9,1,13
980,1,1,10,22,1,6,0.38,9,1,13
981,1,1,10,18,1,6,0.38,9,1,13
982,1,1,10,17,1,6,0.38,9,1,13
983,1,1,10,15,1,6,0.38,9,1,13
984,1,1,10,3,1,6,0.38,9,1,13
985,1,1,10,12,1,6,0.38,9,1,13
986,1,1,10,11,1,6,0.38,9,1,13
987,1,1,10,13,1,6,0.38,9,1,13
988,1,1,10,14,1,6,0.38,9,1,13
989,1,1,10,2,1,6,0.38,9,1,13
990,1,1,10,8,1,6,0.38,9,1,13
